id,first_name,last_name,email,gender,money,allow_ads
1,Michaela,Sellars,msellars0@clickbank.net,Female,$5073.28,false
2,Hermon,Scanterbury,hscanterbury1@unesco.org,,$6950.18,true
3,Antone,Fairbank,afairbank2@mtv.com,Male,$4886.42,false
4,Kurtis,Langforth,klangforth3@usda.gov,Male,$7071.09,false
5,Frederick,Cawthra,fcawthra4@mapy.cz,Male,$4785.95,true
6,Tori,Yearnsley,,Female,$6422.30,true
7,Taryn,Eagling,teagling6@dagondesign.com,Non-binary,$6500.65,true
8,Anatola,Dreus,adreus7@smugmug.com,Female,$7180.21,true
9,Oates,Giocannoni,ogiocannoni8@google.cn,,$6370.96,
10,Merrel,Shrubsall,mshrubsall9@ebay.com,Male,$4488.66,true
11,Barbabas,Prickett,bpricketta@1688.com,Male,$587.41,false
12,Vivi,Hallgate,vhallgateb@boston.com,Female,$5600.72,true
13,Jacquelin,Cuolahan,jcuolahanc@cam.ac.uk,,$4006.46,false
14,Nessa,Giorgioni,ngiorgionid@indiegogo.com,Female,$3570.16,false
15,Kenyon,Hamill,khamille@mapy.cz,Male,$1886.43,false
16,Lenci,Bellefant,lbellefantf@nationalgeographic.com,Male,$6369.07,
17,Elnora,Tinniswood,etinniswoodg@bandcamp.com,Female,$1806.44,false
18,Antonina,Battershall,abattershallh@bizjournals.com,Female,$674.38,true
19,Aloysia,Lehrahan,alehrahani@elpais.com,Female,$3882.22,false
20,Gaylor,Kirlin,gkirlinj@ustream.tv,Genderfluid,$3722.21,true
21,Leona,McCart,lmccartk@foxnews.com,Female,$4026.50,true
22,Nan,Iliff,niliffl@moonfruit.com,Female,$3668.05,
23,Carrie,Cradick,ccradickm@geocities.com,Female,$4610.48,false
24,Pearline,Searles,psearlesn@shinystat.com,Female,$7398.91,true
25,Ryon,Dutson,rdutsono@list-manage.com,Male,$8537.50,false
26,Clevey,MacFadden,cmacfaddenp@mayoclinic.com,,$2591.21,
27,Frederica,Coldicott,fcoldicottq@wordpress.org,Female,$5729.51,true
28,Jasmine,Dmitrovic,jdmitrovicr@usnews.com,Female,$6681.30,false
29,Maximilien,Swanger,mswangers@walmart.com,Male,$6679.96,true
30,Johann,,jhawlert@cocolog-nifty.com,Male,$5440.77,false
31,Ugo,Bulbrook,ubulbrooku@cafepress.com,Male,$9833.46,true
32,Ardith,Torbet,atorbetv@timesonline.co.uk,Female,$3342.73,false
33,Brunhilde,,bjakovijevicw@sogou.com,Female,$4828.16,true
34,Mikkel,Sybbe,msybbex@salon.com,Male,$7476.03,true
35,Emanuel,Partkya,epartkyay@engadget.com,Male,$6108.87,true
36,Paulo,Airton,pairtonz@dailymotion.com,Non-binary,$4818.07,
37,Hyatt,Farmar,hfarmar10@wp.com,Male,$6710.05,false
38,Sherwood,Patillo,spatillo11@time.com,Male,$7914.30,true
39,Jourdain,Almeida,jalmeida12@boston.com,,$1264.40,false
40,Mychal,Giorgielli,mgiorgielli13@mozilla.org,Male,$3682.41,false
41,Nicolai,Swanton,nswanton14@shinystat.com,Male,$2197.56,false
42,Siward,Graeber,sgraeber15@canalblog.com,Male,$1667.99,
43,Zahara,Lewer,zlewer16@imdb.com,Female,$8165.64,true
44,Halimeda,Eliot,heliot17@addtoany.com,Female,$4795.51,
45,Starr,Bromhead,,Female,$8158.41,true
46,Freeman,Sandey,fsandey19@wix.com,Male,$2639.57,true
47,Hartwell,Hogbourne,hhogbourne1a@msn.com,Male,$4441.77,false
48,Brandyn,Masey,bmasey1b@time.com,Male,$5188.04,
49,Wandie,Gritland,wgritland1c@engadget.com,Female,$3705.90,true
50,Phillip,Hartigan,phartigan1d@rediff.com,Male,$8256.86,true
51,Morgen,Matcham,mmatcham1e@uiuc.edu,Male,$9014.17,true
52,Modestia,Copyn,mcopyn1f@princeton.edu,Female,$6209.80,true
53,Garfield,Tiley,gtiley1g@apache.org,Male,$5375.06,true
54,Husein,Musso,hmusso1h@hibu.com,,$2944.34,false
55,Eddi,Peile,epeile1i@meetup.com,Female,$9427.14,true
56,Trudie,Janning,tjanning1j@cargocollective.com,Female,$2589.60,false
57,Rutger,,rdaughton1k@about.me,Non-binary,$4656.44,false
58,Riordan,Dobel,rdobel1l@ftc.gov,Male,$1027.74,true
59,Sallyann,Tomczykowski,stomczykowski1m@lycos.com,Female,$8590.09,true
60,Trev,Cavell,tcavell1n@cdbaby.com,Male,$8964.23,true
61,Anestassia,MacRanald,amacranald1o@goo.gl,Female,$9645.83,false
62,Fredia,Ourry,fourry1p@businessweek.com,Female,$2609.38,true
63,Issy,Coxhead,icoxhead1q@hugedomains.com,Female,$6631.95,false
64,Ruy,Older,rolder1r@mac.com,Polygender,$9469.67,false
65,Adeline,Corbin,acorbin1s@vistaprint.com,Female,$5258.88,false
66,Heida,De Andisie,hdeandisie1t@aol.com,Genderfluid,$3906.01,false
67,Janith,,jorchart1u@bloglovin.com,Female,$3525.72,false
68,Gerhard,Whyley,gwhyley1v@gizmodo.com,Male,$5103.91,false
69,Lulu,Biggen,lbiggen1w@dell.com,Female,$6808.16,
70,Clem,Lethardy,clethardy1x@pcworld.com,Male,$3054.22,false
71,Opal,Parysowna,oparysowna1y@home.pl,Female,$3293.52,true
72,Shel,Birkinshaw,sbirkinshaw1z@home.pl,Genderqueer,$920.97,true
73,Minne,Taffs,mtaffs20@hubpages.com,Female,$5077.57,true
74,Michal,Winsome,mwinsome21@google.com.br,Male,$7040.82,true
75,Cornela,Waddoups,cwaddoups22@umn.edu,Genderfluid,$1949.01,true
76,Niel,Espy,nespy23@who.int,Male,$6064.98,false
77,Katha,Pullen,kpullen24@elpais.com,Female,$3495.43,true
78,Lea,Wohler,lwohler25@dion.ne.jp,Female,$8971.84,false
79,Shannah,Adamo,sadamo26@tumblr.com,Female,$5151.20,true
80,Brittney,Davids,bdavids27@sbwire.com,Female,$7485.00,
81,Yorker,Lendon,ylendon28@reference.com,Male,$9283.69,true
82,Nannette,Ianno,nianno29@patch.com,Female,$7056.40,true
83,Anastasie,Robel,arobel2a@github.com,Female,$4409.34,false
84,Tabbi,Dearnley,tdearnley2b@123-reg.co.uk,,$852.45,false
85,Aleda,Sellack,asellack2c@stumbleupon.com,Female,$8534.01,true
86,Gearalt,Eckly,geckly2d@behance.net,Male,$7267.27,true
87,Urban,Treagust,utreagust2e@infoseek.co.jp,Male,$4551.15,true
88,Crawford,Cobello,ccobello2f@jalbum.net,Male,$3123.53,false
89,Judah,Juden,jjuden2g@businessinsider.com,Male,$3781.26,true
90,Monti,Stanbro,mstanbro2h@senate.gov,Male,$8782.59,false
91,Renault,Downes,rdownes2i@fastcompany.com,Male,$410.99,false
92,Fraze,Casey,fcasey2j@sfgate.com,Male,$7062.80,true
93,Joey,Corn,jcorn2k@latimes.com,Female,$8640.49,true
94,Delcina,Honnan,dhonnan2l@webmd.com,,$3914.67,true
95,Letti,Mapledorum,lmapledorum2m@forbes.com,Female,$6847.17,false
96,Any,Antos,aantos2n@weebly.com,Male,$5363.71,true
97,Andros,O'Loughlin,aoloughlin2o@moonfruit.com,Male,$9646.85,true
98,Guss,Gritsaev,ggritsaev2p@blogtalkradio.com,Male,$421.92,
99,Giraldo,Jennery,gjennery2q@businessweek.com,Male,$3154.78,false
100,Sander,Siggin,ssiggin2r@xing.com,Male,$271.25,true
101,Malia,Farguhar,,Female,$6312.26,false
102,Abel,Asals,aasals2t@tumblr.com,Genderqueer,$5046.81,false
103,Cthrine,Poizer,cpoizer2u@google.cn,Agender,$8129.21,false
104,Rudolf,Verling,rverling2v@hc360.com,Male,$3701.55,false
105,Brandice,Symcock,bsymcock2w@princeton.edu,Female,$6679.19,false
106,Hewett,Petigrew,hpetigrew2x@shareasale.com,,$3192.81,false
107,Ray,Odom,rodom2y@prlog.org,Female,$1843.70,true
108,Tersina,Ragat,tragat2z@umn.edu,Non-binary,$8323.90,true
109,Dannie,Hovee,,Agender,$1817.77,true
110,Shaylynn,Millimoe,smillimoe31@imageshack.us,Female,$3615.23,false
111,Hartley,Stinchcombe,hstinchcombe32@freewebs.com,Male,$1264.89,true
112,Robina,Cota,,Female,$6208.45,true
113,Candice,Tegler,ctegler34@earthlink.net,Female,$907.05,true
114,Ingram,Craney,icraney35@webs.com,Male,$6062.15,true
115,Dotty,Kaine,dkaine36@exblog.jp,Female,$3709.39,true
116,Gray,Parrott,gparrott37@shop-pro.jp,Female,$300.03,true
117,Augustus,Rossbrook,arossbrook38@quantcast.com,Male,$3483.10,true
118,Lark,Zanazzi,lzanazzi39@pen.io,Female,$8845.69,true
119,Lefty,Warren,lwarren3a@bravesites.com,Male,$5723.91,true
120,Aube,O'Hara,aohara3b@themeforest.net,Male,$345.36,true
121,Amargo,Klainer,aklainer3c@elpais.com,Female,$2120.02,false
122,Aldis,Jest,ajest3d@boston.com,Male,$1617.76,true
123,Jabez,Duckhouse,jduckhouse3e@virginia.edu,Male,$6414.84,true
124,Bari,Padfield,bpadfield3f@latimes.com,Female,$3900.63,false
125,Bruno,Boldt,bboldt3g@reddit.com,Male,$7115.33,false
126,Benyamin,Fierman,bfierman3h@pinterest.com,,$9684.30,false
127,Raquel,Hellikes,rhellikes3i@com.com,Female,$1159.08,
128,Mace,Izkovicz,mizkovicz3j@umich.edu,Male,$9515.42,false
129,Ddene,Comoletti,dcomoletti3k@seattletimes.com,Female,$4786.18,
130,Sheilah,Carde,scarde3l@symantec.com,Agender,$5238.75,false
131,Fionnula,Campagne,fcampagne3m@photobucket.com,Bigender,$8942.04,true
132,Cristie,Brockington,cbrockington3n@timesonline.co.uk,Female,$1135.92,false
133,Wilie,,whorrod3o@quantcast.com,Female,$7692.24,true
134,Claire,Roder,croder3p@ftc.gov,Male,$79.00,false
135,Ariela,Hunnisett,ahunnisett3q@imdb.com,Female,$2025.74,true
136,Blithe,De la Yglesia,,Female,$1782.09,true
137,Morlee,Sinkins,msinkins3s@wisc.edu,Male,$6974.94,false
138,Drud,Figgures,dfiggures3t@trellian.com,Male,$9012.67,true
139,Selma,Milsted,smilsted3u@photobucket.com,Female,$9221.38,true
140,Vic,Karchewski,vkarchewski3v@netlog.com,Male,$7356.40,false
141,Trudi,Macbeth,tmacbeth3w@photobucket.com,Female,$9005.13,true
142,Benton,Gillhespy,bgillhespy3x@digg.com,Polygender,$914.35,true
143,Kellyann,Klemenz,kklemenz3y@mapquest.com,Female,$4818.40,false
144,Davidson,McSharry,dmcsharry3z@addthis.com,Male,$6653.19,true
145,Roselin,Roantree,rroantree40@google.com.br,Female,$4449.62,
146,Ethelyn,Branche,ebranche41@multiply.com,Female,$268.14,false
147,Joly,,jrodson42@usnews.com,Female,$7789.62,true
148,Katina,Berdale,kberdale43@oakley.com,Female,$3637.08,false
149,Bondy,Spight,bspight44@elegantthemes.com,Genderfluid,$1655.85,true
150,Biron,Fantin,bfantin45@ebay.com,Male,$8970.43,false
151,Maura,Pestricke,,Female,$5978.11,false
152,Kimberlyn,O'dell,kodell47@google.pl,Female,$455.02,
153,Georgena,Brotherick,gbrotherick48@g.co,Female,$6352.78,false
154,Susanetta,Charopen,scharopen49@reddit.com,Female,$2106.34,true
155,Lucila,Strotton,lstrotton4a@google.co.jp,,$7258.08,true
156,Lorri,Rockcliff,lrockcliff4b@imdb.com,Female,$6501.92,true
157,Shoshana,Nenci,snenci4c@wunderground.com,Female,$8512.45,true
158,Agata,Whittaker,awhittaker4d@drupal.org,Female,$1912.30,
159,Marya,Karpov,mkarpov4e@statcounter.com,Female,$3174.14,false
160,Natty,Alonso,nalonso4f@cornell.edu,Female,$6031.44,false
161,Carlynne,Clemson,cclemson4g@goo.ne.jp,Female,$5650.55,true
162,Merill,Sloane,msloane4h@rediff.com,Genderfluid,$9701.02,false
163,Win,Deacock,wdeacock4i@gravatar.com,Male,$8120.98,false
164,Fannie,Hatterslay,fhatterslay4j@slashdot.org,Female,$4400.99,true
165,Dido,Snoad,dsnoad4k@soundcloud.com,Female,$1507.90,
166,D'arcy,,dbaysting4l@independent.co.uk,Male,$9560.24,true
167,Delaney,Gunningham,dgunningham4m@netlog.com,Male,$3236.68,false
168,Dode,Rucklidge,drucklidge4n@goodreads.com,Female,$5572.88,false
169,Hildegaard,,hgallier4o@skype.com,Polygender,$5653.83,false
170,Josephine,Saffill,jsaffill4p@mtv.com,,$5827.49,false
171,Izzy,Pouton,ipouton4q@wp.com,Male,$312.84,false
172,Miriam,,mtwort4r@youtube.com,Female,$7396.47,true
173,Reade,Alvaro,ralvaro4s@sphinn.com,Male,$3774.79,true
174,Vi,Friberg,vfriberg4t@pagesperso-orange.fr,,$6449.56,true
175,Hi,Ayris,hayris4u@adobe.com,Male,$3096.43,false
176,Kermit,Cesco,kcesco4v@mtv.com,Male,$9130.00,true
177,Nicki,Laidlaw,nlaidlaw4w@over-blog.com,Female,$8804.05,true
178,Jonell,Addie,jaddie4x@ehow.com,Polygender,$5023.46,false
179,Joseph,Johnsson,jjohnsson4y@wp.com,Male,$421.23,true
180,Kennie,Mayman,kmayman4z@ycombinator.com,Male,$392.36,false
181,Brice,,bwife50@wsj.com,,$8981.58,false
182,Isacco,Conneau,iconneau51@usda.gov,Male,$9228.65,
183,Dory,,dcaskie52@msu.edu,Male,$6747.91,true
184,Cristian,Beardsell,cbeardsell53@theatlantic.com,Male,$6160.77,true
185,Benetta,Rihosek,brihosek54@google.it,,$7384.65,false
186,Reeva,,rpepper55@scientificamerican.com,Female,$3379.88,true
187,Ahmed,Ianne,aianne56@printfriendly.com,Male,$7050.25,true
188,Towny,Innerstone,tinnerstone57@mapy.cz,Male,$3482.11,true
189,Marillin,Riddiough,mriddiough58@nationalgeographic.com,Female,$9090.53,
190,Linus,Zavattieri,lzavattieri59@amazon.co.uk,Male,$320.31,false
191,Ervin,Eames,eeames5a@goo.gl,Male,$9289.16,true
192,Kelsey,Whild,,Female,$1582.28,true
193,Yalonda,Nunan,ynunan5c@answers.com,Female,$3121.14,false
194,Abdel,Michel,amichel5d@xing.com,Genderqueer,$4620.05,false
195,Alexis,Miell,amiell5e@fotki.com,Male,$2050.07,true
196,Genevieve,Arkcoll,garkcoll5f@flickr.com,Female,$2888.24,
197,Mickie,Cainey,mcainey5g@abc.net.au,,$4471.10,true
198,Corabel,Castanares,ccastanares5h@kickstarter.com,Female,$5898.33,false
199,Elliott,Vanezis,,Male,$5422.64,true
200,Emelen,Ricks,,Male,$6177.19,true
201,Zita,Pyzer,zpyzer5k@boston.com,Female,$2663.12,true
202,Mable,McGeouch,mmcgeouch5l@adobe.com,Female,$5917.57,false
203,Lindi,Rattry,lrattry5m@lulu.com,Female,$41.81,false
204,Aguie,Chilcotte,achilcotte5n@ucla.edu,Male,$2500.24,true
205,Godart,Bedberry,gbedberry5o@princeton.edu,Male,$5164.26,true
206,Aubree,Bartaletti,abartaletti5p@networkadvertising.org,Female,$189.52,false
207,Webster,Lifton,wlifton5q@macromedia.com,Male,$2416.26,
208,Jacobo,Dye,jdye5r@homestead.com,Male,$8340.13,true
209,Luca,Mack,lmack5s@blogspot.com,Male,$4778.22,false
210,Ivory,Abramow,iabramow5t@cornell.edu,Female,$2610.76,true
211,Ana,Stanex,astanex5u@github.com,Female,$6373.66,
212,Cosette,Sheryne,csheryne5v@sun.com,Female,$8186.92,true
213,Minnnie,,mstihl5w@vistaprint.com,,$5510.68,false
214,Letisha,Guilleton,lguilleton5x@hostgator.com,Female,$672.86,true
215,Isadore,Gammade,igammade5y@is.gd,Male,$3145.15,false
216,Eleonore,Matthew,ematthew5z@tmall.com,Female,$4322.41,false
217,Audrie,Fratczak,,Female,$5055.20,true
218,Stormi,Blasi,sblasi61@cornell.edu,Female,$5816.77,true
219,Any,Hastewell,ahastewell62@arizona.edu,Male,$8337.94,true
220,Nicolea,Heskey,nheskey63@1und1.de,Female,$9253.79,false
221,Daisie,Durgan,ddurgan64@etsy.com,Female,$3019.71,true
222,Pernell,Burnsell,pburnsell65@discovery.com,Male,$687.11,false
223,Taber,Farnaby,tfarnaby66@nature.com,Male,$20.26,true
224,Dalton,Castagneri,dcastagneri67@friendfeed.com,Male,$1790.26,false
225,Dorothea,Mattersley,dmattersley68@nytimes.com,Female,$1262.63,true
226,Adrienne,Crosscombe,acrosscombe69@weebly.com,Female,$6986.46,true
227,Vinni,Filippozzi,vfilippozzi6a@mayoclinic.com,Female,$1001.18,false
228,Lincoln,Shackleford,lshackleford6b@blog.com,Male,$1144.24,false
229,Isiahi,Casford,icasford6c@lulu.com,Male,$1555.83,true
230,Floyd,Fleisch,ffleisch6d@skype.com,,$2417.88,false
231,Charin,,cpeele6e@typepad.com,Female,$8480.31,true
232,Essy,Macvain,emacvain6f@technorati.com,Female,$5692.24,true
233,Fielding,Abyss,fabyss6g@bizjournals.com,Male,$3489.14,false
234,Jaimie,Zanuciolii,jzanuciolii6h@comsenz.com,Female,$3618.19,false
235,Harp,Martinon,hmartinon6i@indiatimes.com,Male,$9087.47,false
236,Gray,Garlinge,ggarlinge6j@google.ru,Female,$2014.88,true
237,Lynnea,Bambridge,lbambridge6k@hexun.com,Female,$2804.05,true
238,Rosemonde,Antram,rantram6l@macromedia.com,,$3259.18,false
239,Ollie,Evenett,oevenett6m@imdb.com,Female,$6407.70,true
240,Corney,Ivashev,civashev6n@mediafire.com,Male,$2965.26,false
241,Aime,Kleinsmuntz,akleinsmuntz6o@arstechnica.com,,$4694.40,false
242,Lewiss,Moreno,lmoreno6p@alexa.com,Male,$867.35,true
243,Red,Heisler,rheisler6q@nyu.edu,Male,$4484.40,true
244,Karlis,Shawel,kshawel6r@alibaba.com,Male,$8864.81,false
245,Dinnie,MacKonochie,dmackonochie6s@usnews.com,,$6346.75,false
246,Leoine,Arpino,larpino6t@sitemeter.com,Agender,$4369.43,false
247,Johnathan,,jhousam6u@ucla.edu,Male,$1632.81,
248,Nathanil,Rooson,nrooson6v@sphinn.com,Male,$5502.92,
249,Casey,Gecks,cgecks6w@yahoo.co.jp,Male,$3882.79,true
250,Bessy,Westnage,bwestnage6x@hud.gov,Female,$2711.99,true
251,Dur,Halladay,dhalladay6y@marketwatch.com,Male,$4629.20,true
252,Wash,Snuggs,wsnuggs6z@gmpg.org,Male,$1818.31,false
253,Monte,Rayment,mrayment70@phoca.cz,Male,$1664.63,true
254,Gertie,Barkhouse,gbarkhouse71@altervista.org,Female,$9807.33,
255,Brenda,,bgabby72@google.ru,Female,$3558.44,false
256,Erich,Norville,enorville73@businessinsider.com,Male,$4272.67,false
257,Ulises,Shellum,ushellum74@amazon.de,Male,$3608.98,true
258,Winifield,Awton,wawton75@hc360.com,Male,$2382.15,true
259,Gorden,Kerwin,gkerwin76@bloomberg.com,Male,$4095.92,false
260,Melony,Impleton,mimpleton77@cocolog-nifty.com,Female,$4389.00,false
261,Justinian,Girth,,Male,$1549.40,true
262,Dori,Fitzjohn,dfitzjohn79@blogtalkradio.com,Female,$1389.39,false
263,Ad,Ripsher,aripsher7a@stanford.edu,Male,$1922.29,false
264,Egbert,Gundry,egundry7b@sciencedirect.com,Male,$4421.87,true
265,Noland,Ville,nville7c@wsj.com,Male,$9521.30,true
266,Diandra,Ambrozewicz,dambrozewicz7d@linkedin.com,Female,$2114.34,true
267,Allyn,Monketon,amonketon7e@netlog.com,Male,$616.64,true
268,Walt,Timperley,wtimperley7f@smh.com.au,Bigender,$9669.38,true
269,Mercedes,Ridley,mridley7g@hugedomains.com,Female,$1968.68,true
270,Aldrich,Essel,aessel7h@cbslocal.com,Male,$3373.64,false
271,Artie,Wyke,awyke7i@yelp.com,Male,$331.56,true
272,Spenser,Sproule,ssproule7j@foxnews.com,Male,$7940.89,false
273,Wittie,Mayfield,wmayfield7k@technorati.com,Male,$7425.52,
274,Whitney,Biskupski,wbiskupski7l@accuweather.com,Female,$5696.45,false
275,Janenna,Elleray,jelleray7m@wix.com,Female,$8824.33,true
276,Clerkclaude,Poulney,cpoulney7n@networksolutions.com,Male,$3016.55,false
277,Wrennie,Breming,wbreming7o@joomla.org,Female,$6626.97,false
278,Penny,Chaffe,pchaffe7p@elegantthemes.com,Male,$1233.16,true
279,Ferdinanda,Pigdon,fpigdon7q@creativecommons.org,Female,$708.78,true
280,Aggy,Penning,apenning7r@archive.org,Female,$8699.31,false
281,Maje,Pietz,mpietz7s@i2i.jp,Male,$2788.28,false
282,Sigismondo,Bream,sbream7t@usatoday.com,Male,$8805.73,false
283,Adoree,,aysson7u@nba.com,Female,$2196.53,false
284,Anna,Blight,ablight7v@goo.gl,Female,$6745.83,false
285,Sapphire,Linsey,slinsey7w@cdbaby.com,,$7956.68,true
286,Grady,Small,,Male,$7786.35,false
287,Giraldo,Davidavidovics,gdavidavidovics7y@vistaprint.com,Non-binary,$6321.61,true
288,Janella,Muckeen,jmuckeen7z@ask.com,Female,$6466.66,false
289,Roana,Collar,rcollar80@360.cn,Female,$3642.67,false
290,Audra,Taffley,,Female,$1735.45,false
291,Wildon,,weagling82@constantcontact.com,Male,$5109.47,false
292,Edin,Coghlin,ecoghlin83@furl.net,Female,$5833.32,true
293,Elsworth,Palomba,epalomba84@dropbox.com,Bigender,$9691.20,false
294,Craggy,Jirousek,cjirousek85@washingtonpost.com,Male,$5397.52,false
295,Vassili,Benedick,vbenedick86@dailymotion.com,Male,$3562.55,true
296,Gerald,Jewsbury,gjewsbury87@dion.ne.jp,Male,$3478.68,true
297,Johannes,,jmoiser88@mtv.com,,$1284.02,true
298,Diana,,delgar89@dell.com,Female,$6092.13,false
299,Lynne,Silcock,lsilcock8a@unblog.fr,Female,$529.34,
300,Salvador,Dunrige,sdunrige8b@mac.com,Genderfluid,$3189.23,false
301,Moira,Thorns,mthorns8c@spotify.com,Female,$8636.44,
302,Alexia,Bleasby,,Female,$8520.19,false
303,Miriam,Aaronsohn,maaronsohn8e@xing.com,Female,$9582.84,false
304,Benjie,Kilius,bkilius8f@mit.edu,Male,$6133.69,false
305,Nichol,Gush,ngush8g@nature.com,,$6865.19,true
306,Jonis,Pughe,jpughe8h@jigsy.com,Genderfluid,$2190.57,false
307,Kalila,Margett,kmargett8i@bloglines.com,Female,$6562.69,false
308,Gerta,Hartshorn,ghartshorn8j@oracle.com,Female,$1543.76,true
309,Geralda,,gleal8k@nhs.uk,Female,$1455.36,true
310,Wanids,Owtram,wowtram8l@springer.com,Female,$2367.35,false
311,Ruttger,Erett,rerett8m@archive.org,Male,$8736.32,true
312,Roy,Dellar,rdellar8n@biblegateway.com,Male,$8620.37,false
313,Andy,Spering,aspering8o@engadget.com,Female,$5107.65,true
314,Ardis,Please,aplease8p@un.org,Female,$4114.36,
315,Dunn,Mellers,dmellers8q@zimbio.com,Male,$4423.22,false
316,Gearard,Saltsberg,gsaltsberg8r@google.cn,Male,$4427.80,false
317,Layla,Joliffe,ljoliffe8s@umich.edu,Female,$2089.18,false
318,Shelley,Struis,sstruis8t@pen.io,,$723.76,true
319,Keefe,Burberye,kburberye8u@comsenz.com,Male,$3057.08,
320,Lavina,Lanchester,llanchester8v@so-net.ne.jp,Female,$6545.98,true
321,Darell,Thominga,dthominga8w@usgs.gov,,$7069.84,false
322,Car,Garford,cgarford8x@intel.com,Male,$4229.76,false
323,Kay,Tome,ktome8y@pbs.org,Female,$9554.36,false
324,Leanna,Franklen,lfranklen8z@google.com.br,Female,$8393.80,true
325,Smith,Egar,segar90@netlog.com,Male,$8106.36,true
326,Meaghan,Andover,,Female,$5044.21,true
327,Raynard,Prando,rprando92@altervista.org,Male,$7352.84,true
328,Adella,Daintith,adaintith93@vinaora.com,,$9425.70,true
329,Fulvia,Aikin,faikin94@acquirethisname.com,Bigender,$880.11,
330,Hall,Plover,hplover95@weather.com,Male,$6820.07,false
331,Lezley,Riping,lriping96@chronoengine.com,Male,$6089.81,false
332,Hermon,Chadderton,,Male,$7685.07,true
333,Yule,McIlreavy,ymcilreavy98@smh.com.au,Male,$2986.11,false
334,Artemas,Windus,awindus99@psu.edu,,$328.02,false
335,Roxine,McGraw,rmcgraw9a@indiatimes.com,Female,$2206.31,true
336,Arleyne,Farnin,afarnin9b@disqus.com,Agender,$8425.72,false
337,Carline,McGinty,cmcginty9c@eventbrite.com,Female,$70.37,true
338,Feliks,Garfield,fgarfield9d@amazon.co.jp,Male,$9588.61,false
339,Abra,Stapells,astapells9e@tinypic.com,Female,$5760.10,false
340,Dulcy,Piner,dpiner9f@sciencedirect.com,Female,$6831.33,
341,Roseann,,rackeroyd9g@smugmug.com,Female,$4225.65,true
342,Ofilia,Eykel,oeykel9h@ca.gov,Female,$7581.97,
343,Randie,Nevill,,Female,$9343.35,false
344,Holli,Abreheart,habreheart9j@t.co,Female,$5762.50,false
345,Neile,,nbarock9k@sina.com.cn,Female,$5374.06,true
346,Neel,Kembery,nkembery9l@ft.com,Male,$5655.02,false
347,Laurene,Larraway,llarraway9m@sourceforge.net,,$6846.45,true
348,Natalina,Borthe,nborthe9n@t-online.de,Female,$3125.65,false
349,Sky,Athowe,sathowe9o@phpbb.com,Male,$1493.62,false
350,Zondra,Brinded,,Female,$5645.58,
351,Teddy,Cuschieri,tcuschieri9q@ca.gov,Male,$6280.14,false
352,Calley,Evill,cevill9r@opensource.org,Female,$2554.43,false
353,Adelbert,Belz,abelz9s@nationalgeographic.com,Male,$9373.20,true
354,Cori,Peasee,cpeasee9t@dyndns.org,Male,$7747.26,false
355,Tybalt,,tsoaper9u@t-online.de,Genderfluid,$6461.81,true
356,Bernadina,,bandrewartha9v@jalbum.net,Female,$1629.82,false
357,Tommi,Charlick,tcharlick9w@google.nl,Female,$6213.24,true
358,Garold,Carolan,gcarolan9x@harvard.edu,Non-binary,$8595.47,true
359,Nada,Kingswood,nkingswood9y@cnbc.com,Female,$3012.95,true
360,Chanda,Kingswood,ckingswood9z@shutterfly.com,Female,$4452.30,false
361,Janie,Sidnall,jsidnalla0@cbslocal.com,Female,$7796.98,true
362,Joanie,Basten,jbastena1@privacy.gov.au,Polygender,$5440.25,true
363,Petunia,Bestiman,pbestimana2@freewebs.com,,$5628.76,true
364,Porter,Margaret,pmargareta3@howstuffworks.com,Male,$4290.18,true
365,Babita,Batteson,bbattesona4@forbes.com,Female,$2044.52,false
366,Emory,Porkiss,eporkissa5@oracle.com,Male,$5976.84,false
367,Syman,Piscopello,spiscopelloa6@ustream.tv,Male,$8869.33,false
368,Derron,Trow,dtrowa7@edublogs.org,Male,$6993.16,false
369,Ardella,Girodier,agirodiera8@twitter.com,Female,$1873.06,false
370,Corrie,Fredy,cfredya9@123-reg.co.uk,Male,$3905.16,true
371,Graehme,Kunkel,gkunkelaa@mapquest.com,Male,$3322.39,true
372,Vikki,Spelman,vspelmanab@google.cn,Female,$6634.55,true
373,Giffy,Gorling,ggorlingac@edublogs.org,Male,$8664.95,true
374,Joey,Fullard,jfullardad@lycos.com,Male,$8920.81,false
375,Tillie,Tripony,,Female,$7511.75,true
376,Mano,Gianasi,mgianasiaf@marriott.com,Male,$7329.57,true
377,Norton,Issacoff,nissacoffag@yellowbook.com,Male,$715.26,true
378,Ealasaid,Seely,eseelyah@networkadvertising.org,Female,$2065.62,true
379,Tully,Fairweather,,Male,$7163.25,false
380,Cirstoforo,Weymont,cweymontaj@archive.org,Male,$6306.12,true
381,Horatio,Bienvenu,hbienvenuak@de.vu,Male,$7942.63,false
382,Opaline,Deeley,odeeleyal@google.com,Female,$3013.69,
383,Beatriz,Nettles,bnettlesam@sciencedaily.com,Female,$4161.75,true
384,Hazlett,Peever,hpeeveran@symantec.com,,$2517.26,false
385,Miltie,Daouze,mdaouzeao@hud.gov,Male,$4644.22,true
386,Erny,McNulty,emcnultyap@wikia.com,Male,$4180.19,false
387,Curran,,csparryaq@va.gov,Male,$2395.47,true
388,Marita,Franzolini,mfranzoliniar@forbes.com,Female,$5684.61,
389,Fabien,Yeats,fyeatsas@yahoo.co.jp,Bigender,$6186.33,true
390,Sheela,Sylett,ssylettat@themeforest.net,Female,$6445.58,true
391,Ariel,Birtley,abirtleyau@discovery.com,Female,$3158.63,true
392,Raphael,Filmer,rfilmerav@utexas.edu,Male,$2522.65,false
393,Lynn,Hillborne,lhillborneaw@japanpost.jp,Female,$1209.87,false
394,Barbabra,Rawcliff,brawcliffax@vimeo.com,Female,$7837.51,
395,Alvera,Gabe,agabeay@delicious.com,Female,$771.46,true
396,Celia,Wickwarth,cwickwarthaz@wikispaces.com,Female,$3089.17,true
397,Phineas,Bester,pbesterb0@miitbeian.gov.cn,Male,$739.24,false
398,Ashil,Coggen,,Non-binary,$9693.71,false
399,Ed,Maltman,emaltmanb2@msn.com,Male,$5143.76,false
400,Jesus,Shilstone,jshilstoneb3@addthis.com,Male,$997.38,false
401,Hertha,Roadnight,hroadnightb4@indiatimes.com,Female,$9642.12,false
402,Port,McRobb,pmcrobbb5@discuz.net,Male,$7108.91,false
403,Ban,Bruckshaw,bbruckshawb6@example.com,Male,$1727.89,false
404,Renell,Noblett,,Female,$2526.08,false
405,Tony,Cutridge,tcutridgeb8@github.com,Male,$1206.75,true
406,Joaquin,Sabatier,jsabatierb9@adobe.com,Male,$8307.34,true
407,Federica,Chmiel,fchmielba@stanford.edu,Female,$6115.14,false
408,Eddy,Brumen,ebrumenbb@kickstarter.com,Female,$6952.95,true
409,Averell,Hatherley,ahatherleybc@sciencedaily.com,Male,$6225.18,true
410,Gerrilee,Milkin,gmilkinbd@bloglovin.com,Female,$7875.16,false
411,Forester,Theis,ftheisbe@hc360.com,Male,$6599.61,false
412,Germain,Glenton,gglentonbf@rambler.ru,Male,$4249.90,
413,Garvy,Wigsell,gwigsellbg@ucsd.edu,Male,$746.09,true
414,Natala,Tavinor,ntavinorbh@wsj.com,Female,$2987.74,false
415,Vallie,O'Currine,vocurrinebi@bravesites.com,,$9939.63,true
416,Ingeborg,Paddeley,ipaddeleybj@vkontakte.ru,Female,$6568.27,false
417,Dwight,,dticebk@businesswire.com,Male,$6294.67,true
418,Carolynn,Puddan,cpuddanbl@w3.org,Female,$1000.96,true
419,Kriste,Braven,kbravenbm@newsvine.com,Bigender,$9167.94,false
420,Sidonia,Edmons,sedmonsbn@blogs.com,,$7242.35,false
421,Gearalt,Videler,gvidelerbo@deviantart.com,Male,$3565.39,false
422,Ethelind,Atterbury,eatterburybp@ow.ly,Female,$7936.33,true
423,Reube,Lermouth,rlermouthbq@mozilla.org,Male,$6065.10,true
424,Rabi,McGarvie,rmcgarviebr@moonfruit.com,Male,$3404.80,true
425,Birch,Benford,bbenfordbs@bing.com,Polygender,$3482.73,true
426,Ethan,Hebblethwaite,ehebblethwaitebt@oakley.com,Genderqueer,$558.53,true
427,Thorstein,Weymouth,tweymouthbu@ucoz.ru,Male,$3643.17,true
428,Kathryne,Brabyn,kbrabynbv@nsw.gov.au,Non-binary,$8198.36,true
429,Gipsy,Carwardine,gcarwardinebw@usda.gov,Female,$2822.01,true
430,Fredric,Tolworthy,ftolworthybx@dion.ne.jp,Male,$9730.18,false
431,Corbin,Baglin,cbaglinby@bizjournals.com,Male,$9003.55,false
432,Swen,Abriani,sabrianibz@ucoz.ru,Male,$6001.98,false
433,Sanderson,Tunnah,stunnahc0@jiathis.com,Male,$2043.67,true
434,Nannette,Probets,nprobetsc1@ucoz.ru,Female,$780.15,true
435,Martelle,Horick,mhorickc2@scientificamerican.com,Female,$6218.33,false
436,Erastus,Icom,eicomc3@weibo.com,Male,$5481.82,false
437,Mendel,Myderscough,mmyderscoughc4@gnu.org,Male,$5807.65,true
438,Penrod,Wittey,pwitteyc5@dmoz.org,Male,$1808.92,true
439,Candide,Eagling,ceaglingc6@yale.edu,Female,$28.66,false
440,Arv,Gatch,,Male,$9697.78,false
441,Otho,Batting,obattingc8@storify.com,,$5259.65,false
442,Norton,Cheetham,ncheethamc9@paginegialle.it,Male,$8434.13,
443,Abby,Ahern,aahernca@last.fm,Male,$7821.26,true
444,Carney,Hindshaw,chindshawcb@pagesperso-orange.fr,Male,$5823.12,false
445,Katherine,Dominelli,kdominellicc@washington.edu,Female,$9059.20,true
446,Slade,Smalecombe,ssmalecombecd@123-reg.co.uk,Agender,$3398.17,false
447,Masha,Palombi,mpalombice@google.nl,Genderqueer,$6050.76,true
448,Rodina,Maffione,rmaffionecf@netscape.com,Female,$9427.12,false
449,Bertine,Bage,bbagecg@theguardian.com,Female,$9750.31,true
450,Daryle,Biddles,dbiddlesch@tiny.cc,Male,$3265.86,true
451,Milena,Tyrrell,mtyrrellci@about.me,Female,$9997.31,true
452,Mendy,Popham,mpophamcj@msu.edu,Male,$614.66,true
453,Euphemia,Cometson,ecometsonck@digg.com,Female,$2460.78,false
454,Paxon,Manzell,pmanzellcl@spotify.com,Male,$3428.87,true
455,Ira,Donneely,idonneelycm@macromedia.com,Female,$9318.04,true
456,Arleta,Tart,atartcn@list-manage.com,Female,$206.96,false
457,Guenevere,Franciotti,gfranciottico@hugedomains.com,Female,$642.77,
458,Janis,,jlegoodcp@webmd.com,Genderfluid,$4430.64,false
459,Sosanna,Cleworth,scleworthcq@engadget.com,Female,$1178.45,
460,Arni,Chadbourne,achadbournecr@jugem.jp,Male,$7578.95,false
461,Emiline,Vodden,evoddencs@freewebs.com,Bigender,$3864.91,true
462,Daron,Samme,dsammect@nbcnews.com,Female,$94.16,true
463,Zollie,Cruse,zcrusecu@unicef.org,Male,$4717.23,true
464,Willetta,Ellissen,wellissencv@globo.com,Female,$2575.46,false
465,Etan,Scoggin,escoggincw@who.int,Male,$5430.51,false
466,Lucienne,Ingerfield,lingerfieldcx@amazon.co.uk,Female,$6539.55,true
467,Lind,Fanton,lfantoncy@ehow.com,Male,$666.48,true
468,Denys,Dougliss,ddouglisscz@mysql.com,Female,$699.57,true
469,Melantha,Cope,mcoped0@scientificamerican.com,Bigender,$2154.86,true
470,Vinnie,McGaughey,vmcgaugheyd1@youtu.be,Female,$3150.28,false
471,Zedekiah,Malenfant,zmalenfantd2@youtube.com,Male,$7935.68,true
472,Bendite,Kier,bkierd3@digg.com,Female,$6711.37,false
473,Ynez,McPeake,,Female,$8430.74,true
474,Blondelle,,bsuccamored5@tmall.com,,$776.51,false
475,Felicia,Oager,foagerd6@washingtonpost.com,Female,$8010.22,false
476,Glad,Ellerton,gellertond7@friendfeed.com,Female,$8757.98,true
477,Mandie,Tring,mtringd8@delicious.com,Female,$5281.76,true
478,Lewie,Askew,laskewd9@taobao.com,,$7222.24,true
479,Ladonna,Goodie,lgoodieda@springer.com,Female,$2606.53,true
480,Freemon,Dulake,fdulakedb@addthis.com,Polygender,$9920.74,true
481,Gisela,,ggiamittidc@facebook.com,Female,$3441.67,true
482,Agnes,Bentje,abentjedd@jigsy.com,Female,$5116.09,true
483,Hillel,Shearmer,hshearmerde@google.pl,Male,$8950.40,true
484,Hali,Feldmann,hfeldmanndf@a8.net,Non-binary,$5288.32,false
485,Barrie,Tombling,btomblingdg@ustream.tv,Male,$7954.69,false
486,Bernhard,Daysh,bdayshdh@newsvine.com,Male,$8587.14,true
487,Loren,Hurtic,lhurticdi@vistaprint.com,Male,$9378.28,false
488,Kerry,Witcherley,,Male,$5489.59,true
489,Johnette,Pappi,jpappidk@istockphoto.com,Female,$6743.47,true
490,Adorne,Hailwood,ahailwooddl@bloglovin.com,Female,$4492.58,true
491,Dorree,Cullivan,dcullivandm@pinterest.com,Female,$1534.26,false
492,Greta,Alsop,galsopdn@nyu.edu,Female,$4127.07,true
493,Jeralee,Shurrocks,jshurrocksdo@google.es,Non-binary,$8592.28,false
494,Micah,Bumpus,mbumpusdp@wikipedia.org,Male,$3.79,true
495,Winni,Anderbrugge,wanderbruggedq@cafepress.com,Female,$4060.17,true
496,Trumann,Leathart,tleathartdr@soup.io,Male,$6014.65,false
497,Carolina,Sherel,csherelds@netscape.com,Female,$8307.99,true
498,Ebonee,Lanchberry,elanchberrydt@mlb.com,Female,$4645.56,false
499,Barth,Tipton,btiptondu@newyorker.com,Male,$7238.95,
500,Holli,Balharry,hbalharrydv@mapquest.com,Female,$1500.90,
501,Kathy,Svanetti,ksvanettidw@google.com.au,Female,$5195.41,true
502,Thorsten,Stading,tstadingdx@google.fr,Male,$7759.67,true
503,Wernher,Blaydes,wblaydesdy@miibeian.gov.cn,Male,$5822.42,true
504,Tan,Doyle,tdoyledz@unblog.fr,Male,$9432.40,true
505,Towney,,tberendsene0@dailymotion.com,Male,$4582.99,false
506,Honey,Haet,hhaete1@wp.com,Female,$5823.95,true
507,Wait,Sellar,wsellare2@bbc.co.uk,Male,$4020.20,false
508,Junia,Sturney,jsturneye3@google.es,,$9634.18,
509,Bentley,Podbury,bpodburye4@google.de,Male,$4531.77,true
510,Kaye,Das,kdase5@meetup.com,Female,$6202.66,true
511,Em,Tommei,etommeie6@amazon.co.jp,Female,$7354.81,false
512,Paton,Heyball,pheyballe7@shareasale.com,Bigender,$4762.61,false
513,Sybilla,Risbie,srisbiee8@time.com,Bigender,$7262.05,true
514,Darill,Hegdonne,dhegdonnee9@usa.gov,Male,$4428.00,true
515,Fallon,Kimmons,fkimmonsea@istockphoto.com,Female,$106.59,false
516,Quinton,Marquot,qmarquoteb@dell.com,Male,$5848.71,false
517,Maximilianus,Asals,masalsec@gizmodo.com,Male,$5002.01,true
518,Mora,Elbourn,,Bigender,$3405.60,false
519,Charil,Semken,csemkenee@amazon.de,Female,$7469.51,false
520,Griffie,,ggotchef@bloglines.com,Male,$9485.91,true
521,Justinian,Fruen,jfrueneg@facebook.com,Male,$6846.40,false
522,Ewan,Sketch,esketcheh@uol.com.br,Male,$1705.98,false
523,Marta,,mdassindaleei@apple.com,Female,$997.27,false
524,Shaun,Hamshar,shamsharej@posterous.com,Female,$8827.08,true
525,Clevey,Arnatt,carnattek@oracle.com,Male,$6853.48,true
526,Steffen,Libby,slibbyel@redcross.org,Male,$7724.91,false
527,Olivia,Tolson,otolsonem@cbsnews.com,Female,$7475.12,true
528,Donovan,Madill,dmadillen@newyorker.com,,$8522.87,false
529,Aluino,Abbay,aabbayeo@sciencedaily.com,Male,$6373.12,false
530,Shay,Piolli,spiolliep@cnbc.com,Male,$607.52,true
531,Riccardo,Herity,rherityeq@google.ca,Male,$4590.07,false
532,Bernardine,Klassmann,bklassmanner@state.tx.us,,$7593.05,false
533,Padraig,Brecher,pbrecheres@icio.us,Male,$7587.78,true
534,Scot,Bahia,sbahiaet@furl.net,Male,$9905.71,true
535,Kristian,Farney,kfarneyeu@chicagotribune.com,Male,$7241.38,false
536,Welby,Dreigher,wdreigherev@intel.com,Male,$9934.79,false
537,Leticia,Ropert,lropertew@admin.ch,Female,$2646.83,false
538,Gerard,Waddilow,gwaddilowex@wisc.edu,Male,$9270.70,false
539,Kirbee,Arlet,karletey@msn.com,Female,$6388.70,false
540,Babb,Whatham,bwhathamez@army.mil,Female,$9177.66,true
541,Steffane,Rollitt,srollittf0@narod.ru,Female,$5442.37,false
542,Erskine,Perl,eperlf1@networksolutions.com,Male,$1901.45,true
543,Jobie,Joselovitch,jjoselovitchf2@narod.ru,Female,$5716.95,true
544,Rina,Rosewall,rrosewallf3@dot.gov,Female,$7242.82,true
545,Betsey,Woolaghan,,Female,$8774.36,true
546,Aleece,Hazael,ahazaelf5@narod.ru,Female,$1237.75,false
547,Franzen,Chitham,fchithamf6@utexas.edu,Male,$8024.80,false
548,Nathanil,Wykey,nwykeyf7@myspace.com,Male,$4785.41,false
549,Aldus,Linge,alingef8@reuters.com,Male,$5789.31,
550,Ronny,Higgan,rhigganf9@de.vu,Female,$9863.37,false
551,Bendite,Fowgies,bfowgiesfa@photobucket.com,Female,$7011.06,true
552,Marni,Niche,mnichefb@adobe.com,Female,$7400.12,true
553,Gradeigh,Jacquot,gjacquotfc@flickr.com,Male,$5266.55,false
554,Cam,Willgress,cwillgressfd@nbcnews.com,Female,$3581.85,true
555,Kinna,Label,klabelfe@oakley.com,Female,$338.10,false
556,Mattie,Little,mlittleff@mapy.cz,Male,$3340.70,false
557,Carley,Monier,cmonierfg@army.mil,Female,$9626.04,true
558,Joell,Bocken,,Female,$1641.83,false
559,Coreen,Oxbrough,coxbroughfi@ask.com,Female,$1076.10,true
560,Neale,Purcer,npurcerfj@msn.com,Male,$6907.28,false
561,Darren,Petrowsky,dpetrowskyfk@histats.com,Male,$2729.34,true
562,Carree,Volkers,cvolkersfl@tripadvisor.com,Female,$2276.65,true
563,Redford,Morffew,rmorffewfm@wix.com,Male,$8621.27,false
564,Holmes,Willwood,hwillwoodfn@telegraph.co.uk,Male,$3655.56,false
565,Chrisse,Mohammad,cmohammadfo@accuweather.com,Male,$571.51,true
566,Budd,Veal,bvealfp@state.tx.us,Male,$1311.89,true
567,Sheila-kathryn,Simak,ssimakfq@tinyurl.com,Female,$3753.01,false
568,Penrod,,pobeneyfr@t.co,Male,$6843.86,true
569,Else,Cobbin,ecobbinfs@sun.com,,$2282.05,true
570,Fransisco,Thomsen,,Male,$3358.73,false
571,Jo-ann,Bonhill,jbonhillfu@purevolume.com,Female,$1898.90,false
572,Kare,,krizzardofv@un.org,Female,$6327.38,false
573,Sherilyn,Cutsforth,scutsforthfw@amazonaws.com,Female,$3728.12,true
574,Collie,Severn,csevernfx@live.com,Female,$6338.66,true
575,Niles,Velte,nveltefy@ustream.tv,Male,$4424.88,true
576,Cy,Coult,ccoultfz@omniture.com,Male,$6140.58,true
577,Lynett,Hindhaugh,lhindhaughg0@drupal.org,Female,$2813.66,true
578,Emmett,Gyngell,,Male,$4615.79,false
579,Neala,Zarfati,nzarfatig2@oakley.com,Female,$2695.97,true
580,Joanna,Inchcomb,jinchcombg3@gizmodo.com,Female,$8570.90,true
581,Alvy,Croizier,acroizierg4@youku.com,Male,$5814.33,true
582,Mufinella,Favey,mfaveyg5@moonfruit.com,,$8506.64,false
583,Travus,Elvy,telvyg6@usda.gov,Male,$1929.35,true
584,Benjy,Michelle,bmichelleg7@time.com,Male,$9636.54,false
585,Hanni,Andreolli,handreollig8@webeden.co.uk,Female,$9286.64,true
586,Gwenora,Summerside,,Female,$100.24,true
587,Elfreda,Godleman,egodlemanga@php.net,Female,$5539.61,false
588,Hayes,Happer,hhappergb@tinypic.com,Male,$5203.61,
589,Phillie,Studart,pstudartgc@cmu.edu,Female,$2981.70,true
590,Suzanna,Haton,shatongd@exblog.jp,Female,$1453.67,true
591,Trudie,,tgoodyearge@bbb.org,,$5576.10,false
592,Gilda,Alman,galmangf@edublogs.org,Female,$1921.50,true
593,Enrique,Blagdon,,Male,$9586.54,true
594,Bambie,Quantrill,bquantrillgh@cbsnews.com,Female,$9434.70,
595,Ramsay,,,Male,$9985.67,true
596,Keri,Shew,kshewgj@ucoz.ru,Agender,$6587.50,true
597,Jaye,Lakin,jlakingk@list-manage.com,Male,$6002.42,false
598,Yance,Bachman,ybachmangl@google.ca,Male,$2508.26,false
599,Trent,Rylance,trylancegm@123-reg.co.uk,Male,$5807.88,false
600,Bree,Callery,,Female,$575.89,true
601,Meghann,Burnes,mburnesgo@webnode.com,Female,$5623.50,false
602,Langsdon,Danels,ldanelsgp@wp.com,Male,$1864.97,true
603,Kingsly,Dovinson,kdovinsongq@statcounter.com,Male,$2192.02,true
604,Farra,Patton,fpattongr@geocities.jp,,$7172.76,true
605,Sherry,Branchflower,sbranchflowergs@uol.com.br,Female,$8874.16,false
606,Eartha,Threlkeld,ethrelkeldgt@sun.com,Female,$2466.34,false
607,Finlay,Iddens,fiddensgu@disqus.com,Genderqueer,$3295.49,false
608,Fenelia,Doxsey,fdoxseygv@toplist.cz,Female,$8511.63,true
609,Noelani,Possa,npossagw@disqus.com,Female,$6076.86,false
610,Sutton,Beeken,sbeekengx@lulu.com,Male,$4566.04,false
611,Raynell,Latliff,rlatliffgy@exblog.jp,Female,$4962.28,true
612,Merrill,Derks,mderksgz@so-net.ne.jp,Male,$4849.99,true
613,Sybila,Hughland,shughlandh0@virginia.edu,Female,$944.99,true
614,Thornton,Tender,ttenderh1@google.it,Male,$7984.37,true
615,Dolores,Pearle,dpearleh2@weibo.com,Female,$2975.80,true
616,Sigismond,Karpets,skarpetsh3@last.fm,,$4985.66,false
617,Laurette,Fee,lfeeh4@nifty.com,Female,$5997.87,false
618,Dahlia,Concklin,dconcklinh5@go.com,Female,$4234.18,true
619,Inga,Gudge,igudgeh6@ucsd.edu,Female,$3435.79,false
620,Pam,Fazan,pfazanh7@oracle.com,Female,$9289.03,true
621,Clerkclaude,Gives,cgivesh8@arizona.edu,,$951.83,true
622,Anderea,Tabbitt,atabbitth9@google.ca,Female,$8839.57,false
623,Lorie,Hurren,lhurrenha@woothemes.com,Female,$5043.58,true
624,Danie,Swanger,dswangerhb@i2i.jp,Male,$1252.76,false
625,Any,Paton,apatonhc@pcworld.com,Male,$6575.58,true
626,Christyna,Ingrem,cingremhd@ted.com,Female,$323.64,false
627,Norry,,nmuldrewhe@tinyurl.com,Female,$9549.52,true
628,Milicent,Blunsom,mblunsomhf@irs.gov,Female,$7501.37,true
629,Abelard,Knobell,aknobellhg@seesaa.net,,$5774.51,false
630,Immanuel,Weaver,iweaverhh@chronoengine.com,Male,$5301.05,true
631,Max,Larwood,mlarwoodhi@taobao.com,Female,$1033.60,true
632,Lutero,Pauer,lpauerhj@sogou.com,Male,$5507.18,false
633,Basilius,Gobell,bgobellhk@google.com,Male,$5978.74,false
634,Nilson,Feitosa,nfeitosahl@purevolume.com,Agender,$9404.29,false
635,Terrill,Drinkhall,tdrinkhallhm@youtu.be,Male,$9452.43,false
636,Blaine,Gogan,bgoganhn@house.gov,Male,$9629.13,true
637,Fabio,Borsi,fborsiho@wordpress.com,Male,$2070.49,true
638,Townsend,Juppe,tjuppehp@tinypic.com,Male,$5550.22,false
639,Kalindi,Corston,kcorstonhq@seattletimes.com,Female,$8567.48,true
640,Guntar,McConnell,gmcconnellhr@boston.com,Male,$4646.33,false
641,Jorry,Girodin,jgirodinhs@mayoclinic.com,Female,$383.63,true
642,Amabel,Bolt,aboltht@4shared.com,Female,$3970.95,true
643,Madeline,Joyce,mjoycehu@amazonaws.com,Female,$2800.21,false
644,Roshelle,Danelutti,rdaneluttihv@ycombinator.com,Female,$5809.86,false
645,Danya,Musgrave,dmusgravehw@techcrunch.com,Female,$9377.96,false
646,Ximenes,Simper,xsimperhx@china.com.cn,Male,$1903.17,false
647,Briant,Gervaise,bgervaisehy@livejournal.com,Male,$742.86,true
648,Adel,Uvedale,,Female,$8494.75,true
649,Cordelie,Hardwich,chardwichi0@sohu.com,Female,$6446.09,true
650,Nicolea,Dunbar,ndunbari1@virginia.edu,Female,$9953.49,true
651,Jarrad,Nabarro,jnabarroi2@cisco.com,Agender,$9928.93,true
652,Adeline,Cartmill,acartmilli3@economist.com,Female,$3900.52,true
653,Nikos,Sansbury,nsansburyi4@weather.com,Polygender,$3070.76,false
654,Harcourt,Marcu,hmarcui5@unblog.fr,Male,$4603.90,false
655,Georgie,Bradnick,gbradnicki6@ovh.net,Female,$5477.41,
656,Hadlee,,hbrusteri7@ucoz.com,Male,$7467.87,false
657,Albertine,Chipchase,achipchasei8@state.tx.us,Female,$1326.29,true
658,Ariana,Spurier,aspurieri9@cisco.com,Female,$7973.67,true
659,Catrina,Gingles,cginglesia@desdev.cn,Female,$6951.03,false
660,Leslie,Cortnay,,Female,$8465.02,true
661,Corney,Arro,,Genderqueer,$7632.78,false
662,Merwyn,Jenkinson,mjenkinsonid@skyrock.com,Male,$230.27,true
663,Mahmud,Ballinghall,mballinghallie@blogtalkradio.com,Male,$3733.00,true
664,Frieda,Franz-Schoninger,ffranzschoningerif@amazon.de,Female,$1777.69,false
665,Cody,Edgars,cedgarsig@geocities.com,Female,$145.33,true
666,Cly,Enticknap,centicknapih@51.la,Male,$42.36,true
667,Tait,,tbossii@delicious.com,Genderfluid,$7881.56,true
668,Kristofor,O'Donegan,kodoneganij@bigcartel.com,Male,$1224.00,false
669,Olenolin,Hanna,ohannaik@answers.com,Male,$9732.79,false
670,Kaiser,Mate,kmateil@pbs.org,Male,$4892.53,false
671,Aloise,Waistell,awaistellim@unicef.org,Female,$3382.25,true
672,Gawain,,gyannoniin@meetup.com,Male,$9399.14,false
673,Jenifer,Bunney,jbunneyio@opensource.org,Female,$1338.30,false
674,Isabel,Piburn,ipiburnip@naver.com,Polygender,$1651.36,true
675,Barrie,MacLaughlin,bmaclaughliniq@state.gov,Male,$5545.37,true
676,Zeke,Prott,zprottir@statcounter.com,Male,$4942.00,false
677,Clywd,Roscrigg,croscriggis@upenn.edu,,$2340.17,false
678,Marshall,Vasse,mvasseit@paginegialle.it,Male,$2716.06,true
679,Maryann,Weinham,mweinhamiu@pbs.org,Female,$3345.76,false
680,Dimitri,McCrae,dmccraeiv@archive.org,Male,$556.03,false
681,Stephen,Kareman,skaremaniw@bloglines.com,Male,$324.17,false
682,Robbin,Paschek,rpaschekix@histats.com,Genderfluid,$6495.99,false
683,Stavro,Precious,spreciousiy@mit.edu,Male,$4004.39,false
684,Christina,Fitchet,cfitchetiz@jimdo.com,Female,$2453.94,false
685,Jenifer,Philip,jphilipj0@sina.com.cn,Female,$6149.91,false
686,Germaine,Healings,ghealingsj1@elpais.com,Polygender,$9409.15,true
687,Kristo,Avo,kavoj2@angelfire.com,Male,$8837.99,true
688,Christiane,Dowden,cdowdenj3@cbsnews.com,Female,$8350.63,true
689,Rowan,Vost,rvostj4@wikia.com,Male,$2968.47,false
690,Rodolphe,Calender,rcalenderj5@oaic.gov.au,Male,$7687.62,true
691,Anderea,Leverage,aleveragej6@zimbio.com,Bigender,$2257.93,false
692,Bartholemy,Simmen,bsimmenj7@mediafire.com,Male,$6667.42,true
693,Florence,Barrowcliffe,fbarrowcliffej8@techcrunch.com,Female,$2649.01,false
694,Adrienne,,asimonitej9@blogger.com,Female,$6559.25,false
695,Adham,Perillo,aperilloja@qq.com,Male,$6200.17,false
696,Norina,Rocks,nrocksjb@berkeley.edu,Female,$1338.42,false
697,Kristofor,,kpicoppjc@quantcast.com,Male,$9586.97,true
698,Kaiser,Mesant,kmesantjd@slashdot.org,,$7887.10,false
699,Karyn,Sincock,ksincockje@biblegateway.com,Female,$8861.01,true
700,Dalston,Sandiford,,Male,$6154.84,false
701,Allyson,Simoneau,asimoneaujg@nasa.gov,Female,$3736.60,true
702,Constanta,Wagstaffe,cwagstaffejh@jiathis.com,Female,$908.13,false
703,Kassia,,kwayji@arizona.edu,Female,$9879.15,true
704,Nikki,Gehring,ngehringjj@umich.edu,Male,$8571.67,false
705,Glynis,Francioli,gfranciolijk@spiegel.de,Female,$7478.51,true
706,Patsy,Brocklesby,pbrocklesbyjl@mail.ru,Male,$973.74,true
707,Cindy,Mugford,cmugfordjm@shareasale.com,Female,$515.75,true
708,Joline,Blune,jblunejn@opera.com,Female,$2699.58,true
709,Coral,Wilds,,Female,$9664.29,true
710,Helene,Mack,hmackjp@jimdo.com,,$167.16,false
711,Man,Dewberry,,Male,$1180.18,true
712,Ethelbert,Pinshon,epinshonjr@skyrock.com,,$6487.67,true
713,Pattie,Chazelas,pchazelasjs@comsenz.com,Male,$29.71,false
714,Edan,Buret,eburetjt@omniture.com,Male,$854.49,false
715,Quintus,Moberley,qmoberleyju@google.com,Male,$4254.99,
716,Sheppard,Rain,srainjv@moonfruit.com,Male,$3291.28,true
717,Lorenza,Kubasek,lkubasekjw@vimeo.com,Female,$6022.82,true
718,Salomon,Healing,shealingjx@yellowbook.com,Male,$1523.64,false
719,Haley,Fazzioli,hfazziolijy@dyndns.org,Male,$9224.11,false
720,Magdaia,Tassaker,mtassakerjz@cbsnews.com,Agender,$4423.90,false
721,Isidoro,Greder,igrederk0@is.gd,Male,$4826.44,false
722,Jae,Tothacot,jtothacotk1@sciencedaily.com,Male,$6944.26,true
723,Tiebout,Stallibrass,tstallibrassk2@mac.com,,$57.58,false
724,Wade,Hryncewicz,whryncewiczk3@wikispaces.com,Male,$1224.84,true
725,Gerti,Westnedge,gwestnedgek4@imdb.com,Female,$5014.58,false
726,Britte,Vanstone,bvanstonek5@unesco.org,Female,$2825.60,false
727,Nelson,Peasey,npeaseyk6@house.gov,Male,$9112.89,true
728,Bran,Pegg,bpeggk7@lulu.com,Male,$2629.00,true
729,Mervin,Ludvigsen,mludvigsenk8@ehow.com,Male,$1174.36,false
730,Evyn,Delooze,edeloozek9@reference.com,Male,$8556.20,true
731,Vivianne,Kretchmer,vkretchmerka@dropbox.com,Genderfluid,$9012.79,true
732,Mia,Stodit,mstoditkb@deliciousdays.com,Female,$2798.91,true
733,Amory,Blowing,ablowingkc@ebay.co.uk,Male,$3092.60,true
734,Kelcey,Haseman,khasemankd@amazon.de,Female,$8765.43,true
735,Fair,Bamforth,fbamforthke@nsw.gov.au,Male,$2807.28,false
736,Ira,Tremollet,itremolletkf@hibu.com,Female,$1876.45,false
737,Jenilee,Melly,jmellykg@twitter.com,Female,$286.62,true
738,Charlean,Gartshore,cgartshorekh@psu.edu,Female,$4571.67,false
739,Ely,Caine,ecaineki@mtv.com,Male,$1330.47,true
740,Francesca,Bettanay,fbettanaykj@alexa.com,Female,$9247.21,false
741,Kevina,Terzo,kterzokk@angelfire.com,Female,$1641.62,true
742,Colver,Izkoveski,cizkoveskikl@vkontakte.ru,Male,$7821.41,false
743,Ezechiel,Patesel,epateselkm@jiathis.com,Male,$9327.34,true
744,Ronnie,Wadmore,rwadmorekn@cnet.com,Female,$4170.33,true
745,Niven,Lashley,nlashleyko@hibu.com,Male,$8261.25,false
746,Kathye,Goford,kgofordkp@sfgate.com,Polygender,$8878.20,false
747,Filide,Eyles,feyleskq@pagesperso-orange.fr,Female,$4494.52,true
748,Willdon,Brisseau,wbrisseaukr@yahoo.co.jp,Male,$9128.44,false
749,Elmo,Petracchi,epetracchiks@oracle.com,Male,$6560.34,false
750,Omar,Rodgman,,Male,$6464.21,false
751,Junette,Huske,jhuskeku@scientificamerican.com,Female,$2093.37,false
752,Maxy,Clere,mclerekv@yelp.com,Male,$8335.07,
753,Bennie,Bryde,bbrydekw@sfgate.com,Male,$5331.85,true
754,Richie,Heams,rheamskx@eepurl.com,Male,$7882.95,true
755,Aurea,Ahlf,aahlfky@wufoo.com,Female,$6205.75,false
756,Horst,Wescott,hwescottkz@taobao.com,Male,$3440.23,true
757,Ulrica,Indge,uindgel0@cdc.gov,Bigender,$3764.46,false
758,Gonzalo,Yanele,gyanelel1@nationalgeographic.com,Male,$3415.74,false
759,Anatol,Auletta,aaulettal2@privacy.gov.au,Male,$3059.91,true
760,Alyda,Rahl,arahll3@discuz.net,Female,$5076.13,true
761,Leland,Stanlack,lstanlackl4@shareasale.com,Female,$116.84,true
762,Sherwood,Pygott,spygottl5@spiegel.de,Male,$8779.08,true
763,Paxton,Tait,ptaitl6@reuters.com,Male,$2469.15,true
764,Cly,Filippucci,,Male,$9989.05,true
765,Mordecai,Amar,mamarl8@phoca.cz,Bigender,$909.41,false
766,Wini,Ollington,wollingtonl9@reverbnation.com,Female,$4048.10,false
767,Nicolais,Bushell,nbushellla@paginegialle.it,Male,$1058.13,false
768,Philis,Pelling,ppellinglb@ed.gov,Female,$488.85,false
769,Adlai,Mainds,amaindslc@creativecommons.org,Male,$9129.86,true
770,Trish,Rimmington,trimmingtonld@youtu.be,Bigender,$4129.47,true
771,Godfree,,,Male,$3448.31,true
772,Thaddus,Arbuckel,tarbuckellf@comcast.net,Male,$1913.04,false
773,Tove,Brealey,tbrealeylg@un.org,Female,$5542.24,true
774,Brock,Kilford,bkilfordlh@macromedia.com,Genderfluid,$3120.87,false
775,Ritchie,Bowles,rbowlesli@icio.us,Male,$3308.05,false
776,Tiertza,Giabuzzi,tgiabuzzilj@etsy.com,,$3084.29,true
777,Katuscha,Atkins,,Female,$1919.19,true
778,Dare,Harverson,dharversonll@china.com.cn,Male,$1522.52,true
779,Catarina,Scollan,cscollanlm@disqus.com,Female,$4466.52,true
780,Lise,Tomankowski,ltomankowskiln@multiply.com,Female,$5833.63,true
781,Mead,Becom,mbecomlo@bloglovin.com,Female,$7890.24,false
782,Matelda,Chaundy,mchaundylp@amazon.com,Female,$6906.88,true
783,Daisi,Bohike,dbohikelq@nydailynews.com,Female,$1723.93,false
784,Baron,Offiler,boffilerlr@eepurl.com,Male,$8934.95,true
785,Dannye,Kayser,dkayserls@imageshack.us,Female,$5901.89,true
786,Elmo,Flipek,eflipeklt@mysql.com,Male,$3642.95,true
787,Howie,Tarburn,htarburnlu@quantcast.com,Male,$8914.43,true
788,Herbert,Devereux,hdevereuxlv@engadget.com,Genderfluid,$8771.91,false
789,Jacquelyn,Reichhardt,jreichhardtlw@dell.com,Female,$4904.27,true
790,Mitzi,Clawsley,mclawsleylx@japanpost.jp,Female,$4169.94,true
791,Georgetta,Luetkemeyers,gluetkemeyersly@redcross.org,Agender,$971.56,true
792,Whitaker,De Micoli,wdemicolilz@g.co,Genderfluid,$4171.04,true
793,Mac,Babber,mbabberm0@gov.uk,,$4119.29,false
794,Halie,Joannidi,hjoannidim1@businessinsider.com,Female,$2464.11,false
795,Inglis,Lehr,ilehrm2@ifeng.com,Male,$1711.58,false
796,Russ,Beves,rbevesm3@blogtalkradio.com,Male,$1014.24,false
797,Bendicty,Hammelberg,bhammelbergm4@dmoz.org,Polygender,$2395.72,false
798,Evania,McGennis,emcgennism5@economist.com,Female,$4356.64,false
799,Fabien,Buttrick,fbuttrickm6@studiopress.com,Male,$2703.23,true
800,Rosalie,Hargess,rhargessm7@discuz.net,Female,$3645.11,false
801,Travus,Mitten,tmittenm8@fotki.com,Male,$2006.89,true
802,Elora,Deinhardt,edeinhardtm9@umn.edu,Female,$3225.60,false
803,Imojean,Scraggs,iscraggsma@nps.gov,Genderqueer,$5434.61,false
804,Kimball,Cadore,kcadoremb@prweb.com,Male,$8696.74,false
805,Danika,Wiltshire,dwiltshiremc@myspace.com,Female,$9433.55,true
806,Aymer,Dohrmann,,Male,$260.92,true
807,Audry,Laba,alabame@google.com,Female,$7598.19,false
808,Ulberto,Trebbett,utrebbettmf@bbc.co.uk,Male,$4658.06,false
809,Alma,Stentiford,astentifordmg@virginia.edu,Female,$1717.90,false
810,Blinnie,Phinn,bphinnmh@loc.gov,Female,$7124.94,false
811,Grace,Barsam,gbarsammi@webmd.com,Male,$9229.60,true
812,Kerrin,Monks,kmonksmj@sina.com.cn,Female,$5913.36,true
813,Dov,Burdekin,dburdekinmk@bizjournals.com,Male,$3806.50,true
814,Tamra,Thorn,tthornml@whitehouse.gov,Genderqueer,$469.26,true
815,Ax,,arechermm@earthlink.net,Male,$3875.13,false
816,Sigismundo,,sbeynknmn@ebay.co.uk,Male,$4985.61,true
817,Quintana,Boissier,qboissiermo@domainmarket.com,Female,$6732.07,
818,Tynan,Drysdall,tdrysdallmp@nbcnews.com,Genderqueer,$9628.52,true
819,Vivi,,varnattmq@over-blog.com,Female,$691.81,true
820,Sandy,Kardos-Stowe,skardosstowemr@howstuffworks.com,,$4654.21,true
821,Yard,Swale,yswalems@nydailynews.com,Male,$9520.80,true
822,Latrena,Burchall,lburchallmt@booking.com,Female,$7918.99,true
823,Rodge,Wastie,rwastiemu@oracle.com,Male,$2657.11,false
824,Garth,Lefeaver,glefeavermv@simplemachines.org,Male,$2354.19,true
825,Kendell,Daynter,kdayntermw@yale.edu,Male,$7563.59,false
826,Filberto,Tallant,ftallantmx@hugedomains.com,Male,$211.03,true
827,Nevin,Braunton,nbrauntonmy@drupal.org,Male,$7671.36,true
828,Padraic,Bane,pbanemz@angelfire.com,Male,$9328.27,true
829,Natalya,Dorrington,ndorringtonn0@mapy.cz,Female,$7652.95,true
830,Thornton,Beane,tbeanen1@house.gov,Male,$647.60,true
831,Silvano,Kinder,skindern2@hhs.gov,Male,$6037.72,true
832,Kaine,Popping,kpoppingn3@istockphoto.com,Male,$6696.64,false
833,Glyn,Persence,gpersencen4@ifeng.com,Female,$1855.20,false
834,Tobe,Nunnerley,tnunnerleyn5@microsoft.com,Female,$281.23,true
835,Gabe,Luberti,glubertin6@sitemeter.com,Male,$5556.83,false
836,Llywellyn,Benettolo,lbenettolon7@github.com,Male,$8776.02,true
837,Syman,Kingsnod,skingsnodn8@imageshack.us,Male,$3528.95,false
838,Paige,Eye,peyen9@creativecommons.org,Bigender,$3322.98,true
839,Desiree,Bambridge,dbambridgena@seattletimes.com,Female,$728.71,false
840,Ketti,Maskell,kmaskellnb@cornell.edu,Female,$397.46,false
841,Kizzie,Dory,kdorync@unc.edu,Genderqueer,$1178.94,false
842,Courtney,Limb,climbnd@flavors.me,Female,$9873.24,true
843,Markos,Baalham,mbaalhamne@discuz.net,Male,$4324.00,false
844,Brandon,Itzchaky,bitzchakynf@amazon.co.uk,Male,$1603.41,false
845,Blaire,Cobb,bcobbng@imdb.com,Female,$6913.77,false
846,Hedvige,Pelz,hpelznh@bloglines.com,Polygender,$7333.70,false
847,Appolonia,Moroney,amoroneyni@jalbum.net,Female,$9253.90,true
848,Gherardo,Revitt,,Male,$3953.52,false
849,Stephenie,Gowthrop,sgowthropnk@imdb.com,Female,$9089.00,true
850,Rick,Drackford,rdrackfordnl@skyrock.com,Polygender,$7403.60,true
851,Hamel,Heaney,hheaneynm@zdnet.com,Male,$5089.96,false
852,Dwain,Bodemeaid,dbodemeaidnn@baidu.com,Male,$1384.80,false
853,Jaquenette,Pinks,jpinksno@ifeng.com,Female,$5626.39,true
854,Codie,Dencs,cdencsnp@usnews.com,Genderfluid,$3190.60,true
855,Abbey,MacCosto,amaccostonq@networksolutions.com,Male,$8399.06,false
856,Rutter,McAree,rmcareenr@statcounter.com,Male,$5567.27,false
857,Jonah,Canfer,jcanferns@blogs.com,Male,$5360.93,false
858,Von,Hoggins,vhogginsnt@google.es,Male,$321.27,true
859,Tarrah,Lunny,tlunnynu@howstuffworks.com,Female,$3583.81,false
860,Erhard,Kepling,ekeplingnv@themeforest.net,Bigender,$1518.48,true
861,Lu,Twidell,ltwidellnw@shop-pro.jp,Female,$2214.26,false
862,Colly,Gascoyne,cgascoynenx@moonfruit.com,Female,$3215.64,false
863,Elsie,Bernt,,Female,$5489.71,false
864,Riane,Fuentez,rfuenteznz@prlog.org,Agender,$1127.35,false
865,Adelbert,Dealy,adealyo0@wsj.com,,$8806.01,true
866,Zulema,Napolitano,znapolitanoo1@devhub.com,Bigender,$6331.71,true
867,Amye,,adowbero2@weather.com,Female,$6349.03,false
868,Vanessa,Vandenhoff,vvandenhoffo3@loc.gov,Female,$9610.56,false
869,Dara,Matura,dmaturao4@dagondesign.com,,$8280.90,true
870,Edgard,Fortin,efortino5@google.pl,Male,$9351.77,true
871,Corella,Yeend,cyeendo6@tiny.cc,Female,$2789.70,true
872,Cristabel,Aldcorn,caldcorno7@reuters.com,Female,$6174.46,true
873,Clary,Dmisek,cdmiseko8@theatlantic.com,,$6236.77,false
874,Dorrie,Larking,dlarkingo9@tripadvisor.com,Female,$8470.27,true
875,Jaymie,Maytum,jmaytumoa@reddit.com,Male,$6107.57,false
876,Jennine,Undy,jundyob@answers.com,Female,$3175.28,true
877,Lianna,Challis,lchallisoc@blinklist.com,Female,$7233.63,true
878,Shelby,Tocknell,stocknellod@mlb.com,,$6551.63,true
879,Wendy,Linne,wlinneoe@imdb.com,Female,$375.16,true
880,Adeline,MacKartan,amackartanof@cnet.com,Female,$3674.46,false
881,Peggie,Calven,pcalvenog@geocities.com,Female,$3287.16,false
882,Eileen,Villa,evillaoh@vistaprint.com,Genderqueer,$7109.59,true
883,Timothy,Flohard,tflohardoi@rakuten.co.jp,Male,$1273.29,true
884,Ives,Francecione,ifrancecioneoj@furl.net,Male,$4034.43,false
885,Jackelyn,Dugue,jdugueok@foxnews.com,Bigender,$4319.18,false
886,Anson,McCrow,amccrowol@cam.ac.uk,Genderfluid,$3518.97,false
887,Melissa,Denziloe,mdenziloeom@java.com,Female,$4759.45,true
888,Flin,,fchasmeron@thetimes.co.uk,Male,$4707.47,false
889,Christan,Pilger,cpilgeroo@symantec.com,Female,$2725.99,false
890,Taber,Davley,tdavleyop@buzzfeed.com,Male,$1693.66,false
891,Devondra,Ixor,dixoroq@hubpages.com,Female,$1059.72,false
892,Beret,Sutter,bsutteror@eepurl.com,Female,$6956.80,true
893,Fran,,,,$3316.12,true
894,Ced,Earingey,cearingeyot@paginegialle.it,Male,$7467.53,false
895,Cindie,Loody,cloodyou@ameblo.jp,Female,$4366.55,true
896,Jermaine,Zoane,jzoaneov@smh.com.au,Female,$1544.57,false
897,Selie,Ringe,sringeow@go.com,Female,$9454.21,true
898,Adeline,Abbiss,aabbissox@icq.com,Female,$231.21,
899,Correy,,ctingcomboy@ted.com,Female,$3849.70,true
900,Blair,Huskinson,bhuskinsonoz@jalbum.net,Male,$3352.16,false
901,Krystalle,Sussex,ksussexp0@cyberchimps.com,Female,$8689.67,false
902,Rochester,Abatelli,rabatellip1@xinhuanet.com,,$7547.72,false
903,Kyrstin,Phizaclea,kphizacleap2@deviantart.com,Female,$7692.56,false
904,Juliann,Hague,jhaguep3@loc.gov,Female,$2043.11,true
905,Ennis,,ewingrovep4@google.ca,Male,$7479.18,false
906,Edgard,McQuilkin,emcquilkinp5@timesonline.co.uk,Male,$9678.57,true
907,Pavia,Abdee,,Female,$4077.72,true
908,Levon,Pantridge,,Male,$517.23,
909,Barbra,Turpin,bturpinp8@prnewswire.com,Female,$6714.59,false
910,Keslie,Kelshaw,kkelshawp9@uiuc.edu,Female,$6747.85,false
911,Terence,Kunze,tkunzepa@taobao.com,,$6565.33,true
912,Karlotte,Brydson,kbrydsonpb@unc.edu,Female,$7927.80,true
913,Gun,Ply,gplypc@princeton.edu,Male,$9456.17,false
914,Winfred,Stobo,wstobopd@home.pl,Male,$1485.54,true
915,Molly,Lawlie,mlawliepe@chicagotribune.com,Bigender,$8218.44,true
916,Lillis,Lahy,llahypf@so-net.ne.jp,Female,$876.05,false
917,Arliene,Knox,aknoxpg@intel.com,Female,$7928.25,false
918,Wittie,Boutell,wboutellph@census.gov,Male,$6818.26,true
919,Ram,Bonds,rbondspi@twitpic.com,Male,$476.83,true
920,Felic,Randalston,frandalstonpj@tinypic.com,Male,$9843.76,true
921,Mischa,Leverentz,mleverentzpk@yale.edu,Male,$2582.02,
922,Halimeda,Shedden,hsheddenpl@addthis.com,Female,$6628.63,true
923,Brena,Teodoro,bteodoropm@yahoo.com,Female,$861.43,true
924,Alvinia,Abelov,aabelovpn@zdnet.com,Female,$9247.14,false
925,Dorita,Truett,dtruettpo@goo.gl,Female,$3250.49,false
926,Kylynn,Hayto,khaytopp@ehow.com,Female,$5941.82,true
927,Rowan,Pryke,rprykepq@macromedia.com,Male,$9036.62,false
928,Graham,Wellwood,gwellwoodpr@hugedomains.com,Male,$9073.56,false
929,Jammal,Woodley,jwoodleyps@de.vu,Male,$6209.85,false
930,Alvis,Barrack,abarrackpt@gov.uk,Male,$4220.76,false
931,Maxi,Clifft,mclifftpu@huffingtonpost.com,Female,$6105.42,true
932,Skell,Hosier,shosierpv@nationalgeographic.com,Male,$3121.92,false
933,Madalyn,Bartzen,mbartzenpw@craigslist.org,Female,$129.41,false
934,Elwin,Gillean,egilleanpx@dropbox.com,Male,$968.83,false
935,Twyla,Soppett,tsoppettpy@epa.gov,Female,$2847.49,true
936,Eartha,Spellicy,espellicypz@google.nl,Female,$8672.36,true
937,Alys,McMullen,amcmullenq0@bbc.co.uk,Female,$4309.80,false
938,Derrick,Sirett,dsirettq1@wikimedia.org,Male,$1186.28,false
939,Hatti,Tanby,,Female,$1475.88,true
940,Nil,Eighteen,neighteenq3@vinaora.com,Male,$7163.82,true
941,Myrvyn,Dankersley,mdankersleyq4@reverbnation.com,Male,$8526.35,true
942,Livvy,Behr,lbehrq5@nhs.uk,Female,$8304.61,false
943,Dacy,Samber,dsamberq6@topsy.com,Female,$1786.79,false
944,Harbert,Reading,hreadingq7@samsung.com,Male,$4897.70,false
945,Margaretta,Guirau,mguirauq8@examiner.com,Female,$6931.59,true
946,Chelsea,Hobbing,chobbingq9@unesco.org,,$1186.28,true
947,Bianca,Heavy,bheavyqa@aboutads.info,Female,$4227.55,true
948,Moise,Hirsch,mhirschqb@house.gov,Non-binary,$6166.38,false
949,Justine,Otton,jottonqc@shareasale.com,Female,$5106.55,false
950,Sebastien,Pawlata,spawlataqd@guardian.co.uk,Agender,$5575.33,false
951,Judd,Goulbourne,jgoulbourneqe@blogs.com,Male,$2480.89,true
952,Shayne,Duffit,sduffitqf@dion.ne.jp,Female,$3322.31,false
953,Farah,Dudson,fdudsonqg@google.com,Female,$8934.16,
954,Blake,Morlon,bmorlonqh@baidu.com,,$3228.54,false
955,Deidre,Di Ruggero,ddiruggeroqi@state.tx.us,Female,$1676.75,true
956,Josselyn,Halford,jhalfordqj@sourceforge.net,Female,$1246.61,false
957,Loella,Forryan,lforryanqk@cyberchimps.com,Female,$1297.38,false
958,Bernhard,Brozek,bbrozekql@multiply.com,Genderqueer,$7972.00,false
959,Anita,,aotterwellqm@bbb.org,Female,$1035.19,true
960,Susan,Woodrooffe,swoodrooffeqn@dyndns.org,Female,$4382.56,true
961,Irwin,Wilbud,iwilbudqo@geocities.jp,Male,$9137.05,false
962,Alena,Andreotti,aandreottiqp@github.com,Polygender,$9921.40,true
963,Juliana,Laxson,jlaxsonqq@salon.com,Female,$8933.25,true
964,Dedra,,dsaffranqr@mayoclinic.com,Female,$9184.98,false
965,Esma,Hegg,eheggqs@theglobeandmail.com,Female,$265.85,false
966,Osbert,Erskine,oerskineqt@youtube.com,Male,$5863.43,false
967,Baillie,Drowsfield,bdrowsfieldqu@alexa.com,Male,$5852.33,false
968,Killie,,kleipoldqv@bigcartel.com,Male,$5298.79,true
969,Bink,Spurritt,bspurrittqw@icio.us,Male,$422.44,false
970,Drucill,Eneas,deneasqx@statcounter.com,Female,$940.27,false
971,Nickey,Gorgl,ngorglqy@live.com,Male,$8115.14,true
972,Von,Prester,vpresterqz@nps.gov,,$485.62,false
973,Catlaina,Fouldes,cfouldesr0@latimes.com,Female,$2956.78,false
974,Symon,,smcmurrayr1@soundcloud.com,Male,$7121.97,false
975,Erny,Aubin,eaubinr2@netscape.com,Male,$3209.62,false
976,Gauthier,Dreakin,gdreakinr3@diigo.com,Male,$5573.96,true
977,Jordan,,jpandyar4@behance.net,Female,$3444.41,true
978,Genni,Stiant,gstiantr5@miibeian.gov.cn,Female,$1365.39,
979,Wayland,Yven,wyvenr6@tuttocitta.it,Male,$4164.91,
980,Stefan,Grono,sgronor7@simplemachines.org,,$6241.40,true
981,Sianna,Bernardeau,sbernardeaur8@dailymail.co.uk,Female,$4694.96,false
982,Reuven,Bunyan,rbunyanr9@jugem.jp,Non-binary,$1670.04,true
983,Myrilla,Dohrmann,mdohrmannra@dion.ne.jp,Bigender,$6640.63,false
984,Dominica,Ashfield,dashfieldrb@un.org,Female,$9156.31,true
985,Connie,Saphir,csaphirrc@marketwatch.com,Male,$5489.66,false
986,Eugene,Petz,epetzrd@smugmug.com,Male,$1731.99,false
987,Bev,Varndell,bvarndellre@marriott.com,Female,$9614.01,true
988,Dalton,Kelso,dkelsorf@meetup.com,Male,$5614.43,false
989,Karlotte,Fennick,kfennickrg@google.es,Female,$4021.12,true
990,Melisse,Oleshunin,moleshuninrh@tmall.com,,$3411.79,false
991,Isador,Shoemark,ishoemarkri@economist.com,Male,$7887.12,true
992,Clement,Manifield,cmanifieldrj@tmall.com,Male,$4218.86,true
993,Bianca,Boosey,bbooseyrk@twitpic.com,Female,$2509.00,true
994,Joelynn,McColm,jmccolmrl@elegantthemes.com,Female,$5428.81,true
995,Meredith,Haizelden,mhaizeldenrm@geocities.com,Male,$2245.65,false
996,Leopold,Stennings,lstenningsrn@a8.net,Male,$5559.57,false
997,Cam,Whitcomb,cwhitcombro@blogger.com,Male,$986.64,true
998,Renae,Doale,,Female,$4243.49,true
999,Orland,Ripsher,oripsherrq@independent.co.uk,Male,$2846.05,true
1000,Meghan,Planque,mplanquerr@netlog.com,Female,$767.02,true
